id,first_name,last_name,email,gender,ip_address
1,Elsy,Golland,egolland0@mlb.com,Female,208.60.52.123
2,Debor,Towse,dtowse1@dedecms.com,Female,4.14.99.59
3,Robyn,Clawe,rclawe2@umn.edu,Female,210.40.81.161
4,Skippy,Gooble,sgooble3@reuters.com,Male,223.25.151.213
5,Kailey,Wurz,kwurz4@columbia.edu,Female,74.27.12.224
6,Polly,Pash,ppash5@cpanel.net,Female,72.76.4.172
7,Andros,Cathrall,acathrall6@psu.edu,Male,63.215.93.193
8,Petunia,Blouet,pblouet7@forbes.com,Female,194.128.138.36
9,Jobi,Rogerson,jrogerson8@icq.com,Female,186.204.35.41
10,Adolphe,Gouthier,agouthier9@unesco.org,Male,146.49.7.114
11,Asa,Oganesian,aoganesiana@addthis.com,Male,110.39.209.187
12,Vinny,Dolling,vdollingb@biglobe.ne.jp,Male,144.148.254.37
13,Halimeda,Pear,hpearc@biblegateway.com,Female,112.31.237.150
14,Kendrick,Callear,kcalleard@mtv.com,Male,165.95.56.17
15,Falkner,Willisch,fwillische@flavors.me,Male,166.69.223.84
16,Joby,Forrestall,jforrestallf@bbb.org,Female,233.68.118.69
17,Selinda,Hurleston,shurlestong@cbc.ca,Female,31.183.134.7
18,Paola,Wooddisse,pwooddisseh@businesswire.com,Female,41.35.241.171
19,Phyllys,Vischi,pvischii@netvibes.com,Female,126.101.22.0
20,Dyane,Bonds,dbondsj@hibu.com,Female,220.46.99.204
21,Jarvis,Innocent,jinnocentk@who.int,Male,51.88.146.213
22,Mahalia,Vearncombe,mvearncombel@stumbleupon.com,Female,33.97.242.142
23,Shurlocke,Widdowes,swiddowesm@behance.net,Male,169.86.5.105
24,Netta,Austin,naustinn@nih.gov,Female,20.7.9.246
25,Lelia,Spaice,lspaiceo@sciencedirect.com,Female,224.87.36.150
26,Tate,Yesichev,tyesichevp@squarespace.com,Female,60.191.111.197
27,Kippie,Curmi,kcurmiq@ebay.com,Female,205.220.206.251
28,Tucky,Capsey,tcapseyr@comsenz.com,Male,119.137.100.116
29,Catherine,Duffield,cduffields@google.ru,Female,32.111.225.93
30,Kelsy,Pistol,kpistolt@123-reg.co.uk,Female,203.48.70.102
31,Eldridge,Hunnybun,ehunnybunu@blinklist.com,Male,109.87.245.4
32,Sherwood,Fink,sfinkv@oracle.com,Male,207.26.232.245
33,Reinald,Gallear,rgallearw@bing.com,Male,221.43.206.134
34,Annalise,Kitchen,akitchenx@istockphoto.com,Female,180.125.126.45
35,Myrtice,Arrandale,marrandaley@google.com.br,Female,230.79.163.94
36,Rivalee,Standering,rstanderingz@godaddy.com,Female,31.163.7.245
37,Nita,Welford,nwelford10@stumbleupon.com,Female,239.202.3.130
38,Berry,Hawton,bhawton11@craigslist.org,Female,44.200.60.157
39,Lucretia,Childes,lchildes12@simplemachines.org,Female,28.145.96.66
40,Lauryn,Sawfoot,lsawfoot13@discovery.com,Female,89.58.77.104
41,Erin,Conti,econti14@geocities.com,Female,186.231.85.208
42,Saul,Dillet,sdillet15@mayoclinic.com,Male,166.131.101.87
43,Stafford,Axtonne,saxtonne16@jigsy.com,Male,144.60.91.21
44,Roselin,Huskinson,rhuskinson17@oaic.gov.au,Female,101.206.226.254
45,Cristian,Penbarthy,cpenbarthy18@msu.edu,Male,206.13.198.235
46,Sherry,Isaac,sisaac19@un.org,Female,98.254.39.20
47,Mignon,Jealous,mjealous1a@imdb.com,Female,163.165.32.133
48,Corrianne,Anfrey,canfrey1b@umich.edu,Female,22.12.229.44
49,Leese,Cartmell,lcartmell1c@wp.com,Female,159.74.169.129
50,Kassia,Sargeant,ksargeant1d@xing.com,Female,172.111.176.27
51,Ennis,Brownhill,ebrownhill1e@cpanel.net,Male,28.23.114.161
52,Ronnica,Savory,rsavory1f@chicagotribune.com,Female,228.246.51.252
53,Amye,Coda,acoda1g@google.de,Female,111.1.205.124
54,Hilary,Finicj,hfinicj1h@shutterfly.com,Male,36.189.43.38
55,Hagen,Ever,hever1i@earthlink.net,Male,47.146.209.61
56,Pate,Bispham,pbispham1j@jalbum.net,Male,227.47.138.119
57,Paton,Jerrams,pjerrams1k@ezinearticles.com,Male,253.209.186.93
58,Nilson,Bursnall,nbursnall1l@paypal.com,Male,224.26.181.214
59,Costa,Bruins,cbruins1m@loc.gov,Male,113.201.133.236
60,Mavis,Dillimore,mdillimore1n@nationalgeographic.com,Female,18.195.240.114
61,Wendel,Kean,wkean1o@wix.com,Male,110.76.0.47
62,Nilson,Feek,nfeek1p@de.vu,Male,70.96.122.165
63,Hercules,Duffitt,hduffitt1q@oaic.gov.au,Male,211.43.140.164
64,Cacilie,Eplate,ceplate1r@soup.io,Female,218.211.202.30
65,Elka,Fleeman,efleeman1s@ezinearticles.com,Female,43.218.147.92
66,Buiron,Paur,bpaur1t@friendfeed.com,Male,222.189.130.134
67,Brewster,Mathe,bmathe1u@meetup.com,Male,49.254.90.112
68,Dorthy,Tatham,dtatham1v@cargocollective.com,Female,2.222.213.245
69,Suzanne,Tourmell,stourmell1w@behance.net,Female,227.161.200.114
70,Charley,Shaddock,cshaddock1x@amazon.co.jp,Male,120.134.56.154
71,Donna,M'Chirrie,dmchirrie1y@technorati.com,Female,67.131.221.220
72,Arabel,Gyrgorcewicx,agyrgorcewicx1z@list-manage.com,Female,57.166.136.190
73,Jereme,Badman,jbadman20@nytimes.com,Male,134.117.88.108
74,Jan,Heino,jheino21@ihg.com,Male,222.107.183.105
75,Koressa,Ogley,kogley22@pen.io,Female,109.211.73.251
76,Mariya,Storres,mstorres23@cornell.edu,Female,17.168.212.216
77,Karie,Di Roberto,kdiroberto24@canalblog.com,Female,190.116.216.201
78,Anatola,Hardesty,ahardesty25@icio.us,Female,197.234.142.152
79,Amalie,Teasey,ateasey26@ed.gov,Female,113.77.146.162
80,Ramon,Diano,rdiano27@dropbox.com,Male,194.85.88.106
81,Daryn,Allbones,dallbones28@people.com.cn,Female,173.156.225.21
82,Bernarr,Ennever,bennever29@utexas.edu,Male,246.62.181.236
83,Colline,Wilkins,cwilkins2a@answers.com,Female,123.99.70.51
84,Franky,Larter,flarter2b@blogtalkradio.com,Female,179.192.170.14
85,Sadie,Iacivelli,siacivelli2c@bbb.org,Female,218.34.64.211
86,Rozamond,Acors,racors2d@odnoklassniki.ru,Female,36.240.58.109
87,Elise,Kindread,ekindread2e@ftc.gov,Female,144.94.116.232
88,Pascale,McCool,pmccool2f@pbs.org,Male,150.63.234.107
89,Anetta,Bert,abert2g@sourceforge.net,Female,181.161.108.254
90,Lani,Saddler,lsaddler2h@stumbleupon.com,Female,60.230.209.227
91,Vail,Von Brook,vvonbrook2i@exblog.jp,Male,231.131.104.115
92,Kassie,Duggan,kduggan2j@plala.or.jp,Female,7.201.249.122
93,Garry,Ausello,gausello2k@a8.net,Male,57.65.136.157
94,Bibbye,Banasiak,bbanasiak2l@hhs.gov,Female,204.241.111.178
95,Hillary,Silbersak,hsilbersak2m@ebay.com,Male,164.231.48.223
96,Elbert,Mabee,emabee2n@utexas.edu,Male,45.56.176.241
97,Raye,Turnpenny,rturnpenny2o@instagram.com,Female,36.224.148.130
98,Isiahi,Benner,ibenner2p@wsj.com,Male,19.22.23.96
99,Jethro,Aylwin,jaylwin2q@topsy.com,Male,112.128.70.50
100,Perkin,Franceschelli,pfranceschelli2r@usa.gov,Male,118.216.229.222
101,Fowler,Fryd,ffryd2s@t.co,Male,172.184.55.114
102,Olva,Lipscomb,olipscomb2t@hao123.com,Female,121.86.169.250
103,Nicol,Childs,nchilds2u@mediafire.com,Male,240.123.110.254
104,Vernice,Darwent,vdarwent2v@stumbleupon.com,Female,51.141.10.45
105,Mohandis,Malec,mmalec2w@house.gov,Male,39.98.168.186
106,Marilin,Elderbrant,melderbrant2x@blogs.com,Female,8.43.43.153
107,Chery,Imlin,cimlin2y@oakley.com,Female,35.214.222.140
108,Sylvan,Eblein,seblein2z@sbwire.com,Male,86.93.219.143
109,Hildagarde,Pacitti,hpacitti30@hugedomains.com,Female,63.228.161.4
110,Vicky,Croan,vcroan31@about.com,Female,225.33.136.17
111,Mischa,Megany,mmegany32@sakura.ne.jp,Male,203.95.157.115
112,Vinnie,Beazleigh,vbeazleigh33@sfgate.com,Female,4.184.202.190
113,Dickie,Leipold,dleipold34@earthlink.net,Male,161.149.204.203
114,Marie-ann,Lazarus,mlazarus35@deliciousdays.com,Female,192.93.37.200
115,Padraic,Brogi,pbrogi36@mayoclinic.com,Male,146.42.146.156
116,Massimiliano,McKennan,mmckennan37@woothemes.com,Male,119.233.170.40
117,Karolina,Eborall,keborall38@usatoday.com,Female,31.253.160.125
118,Jaye,Mosedall,jmosedall39@elpais.com,Male,192.108.213.153
119,Gerick,D'Ambrosio,gdambrosio3a@nih.gov,Male,133.190.10.23
120,Aubrey,Iacobassi,aiacobassi3b@fc2.com,Male,15.95.252.213
121,Lorenzo,Shelmerdine,lshelmerdine3c@livejournal.com,Male,181.167.33.28
122,Duffy,Brymner,dbrymner3d@earthlink.net,Male,153.82.12.64
123,Brinna,Croyser,bcroyser3e@sphinn.com,Female,158.168.16.55
124,Derril,Keyzman,dkeyzman3f@cnet.com,Male,54.53.93.164
125,Adolphus,Church,achurch3g@chicagotribune.com,Male,195.123.219.114
126,Gwenni,Yewdale,gyewdale3h@studiopress.com,Female,220.148.13.88
127,Lazaro,Povele,lpovele3i@hibu.com,Male,122.228.234.208
128,Frederico,Broe,fbroe3j@vimeo.com,Male,171.160.132.175
129,Nathaniel,Lidgertwood,nlidgertwood3k@pen.io,Male,162.124.201.60
130,Berty,Oakwood,boakwood3l@statcounter.com,Male,154.93.225.198
131,Elianore,Mayler,emayler3m@weebly.com,Female,179.80.91.94
132,Libby,Dey,ldey3n@foxnews.com,Female,164.47.233.161
133,Chauncey,Lorentzen,clorentzen3o@free.fr,Male,214.223.82.184
134,Maynord,Hindsberg,mhindsberg3p@netvibes.com,Male,151.211.178.176
135,Constantino,Yoakley,cyoakley3q@flavors.me,Male,116.128.204.207
136,Camel,Yetts,cyetts3r@cam.ac.uk,Female,199.49.152.225
137,Marsh,Duckworth,mduckworth3s@github.io,Male,115.254.100.100
138,Moss,Minall,mminall3t@nps.gov,Male,66.35.201.221
139,Suellen,Freda,sfreda3u@plala.or.jp,Female,211.96.234.194
140,Sibella,Klausewitz,sklausewitz3v@npr.org,Female,15.125.134.195
141,Jose,Cranmor,jcranmor3w@meetup.com,Male,101.66.242.117
142,Ludovico,Cuddehay,lcuddehay3x@spiegel.de,Male,61.48.255.12
143,Seka,Chuter,schuter3y@google.com.br,Female,122.18.164.106
144,Sela,Martinet,smartinet3z@unesco.org,Female,243.233.147.245
145,Morganica,Bignold,mbignold40@slate.com,Female,50.84.191.207
146,Marlyn,D'Avaux,mdavaux41@cnbc.com,Female,213.232.12.26
147,Donielle,Grebbin,dgrebbin42@goodreads.com,Female,141.210.47.153
148,Catharina,Huntress,chuntress43@bravesites.com,Female,81.114.143.199
149,Stinky,Heintze,sheintze44@dedecms.com,Male,98.2.12.100
150,Jasun,Bosworth,jbosworth45@homestead.com,Male,161.131.69.170
151,Davidson,Bauduccio,dbauduccio46@guardian.co.uk,Male,67.14.28.161
152,Katleen,Wagen,kwagen47@mapy.cz,Female,231.238.238.74
153,Heindrick,Crowder,hcrowder48@walmart.com,Male,209.229.188.13
154,Peadar,Yashin,pyashin49@npr.org,Male,189.120.74.20
155,Roma,Boumphrey,rboumphrey4a@ezinearticles.com,Male,204.147.196.165
156,Reta,Devers,rdevers4b@usnews.com,Female,235.227.72.103
157,Pen,Culp,pculp4c@tripod.com,Male,35.78.255.11
158,Ferne,Reckhouse,freckhouse4d@free.fr,Female,238.234.21.199
159,Bunni,Rickeard,brickeard4e@freewebs.com,Female,230.206.53.110
160,Parnell,Rogeron,progeron4f@ox.ac.uk,Male,152.93.126.149
161,Zorina,Curling,zcurling4g@cpanel.net,Female,9.158.75.209
162,Terza,Kunneke,tkunneke4h@creativecommons.org,Female,115.196.187.100
163,Gradey,McKnish,gmcknish4i@mail.ru,Male,217.56.56.126
164,Misty,Jarmaine,mjarmaine4j@studiopress.com,Female,241.123.22.238
165,Rae,Kennermann,rkennermann4k@unesco.org,Female,230.218.26.227
166,Rozalie,Battey,rbattey4l@ezinearticles.com,Female,213.245.213.167
167,Legra,McGinlay,lmcginlay4m@ameblo.jp,Female,176.60.172.84
168,Bryn,Duckit,bduckit4n@unicef.org,Female,144.129.243.157
169,Wendy,Duerden,wduerden4o@statcounter.com,Female,114.27.204.58
170,Davina,Harget,dharget4p@github.com,Female,5.88.235.74
171,Corabel,Boggish,cboggish4q@umn.edu,Female,174.176.14.148
172,Rois,Rankine,rrankine4r@lycos.com,Female,17.143.232.110
173,Gina,Jakubowski,gjakubowski4s@mozilla.com,Female,88.136.30.164
174,Enid,Wafer,ewafer4t@upenn.edu,Female,98.80.31.35
175,Brear,Devany,bdevany4u@ftc.gov,Female,232.172.39.116
176,Delcine,Sarney,dsarney4v@tinypic.com,Female,110.176.82.6
177,Paxton,Peltz,ppeltz4w@hhs.gov,Male,240.147.239.148
178,Matteo,Tailour,mtailour4x@rediff.com,Male,226.19.194.4
179,Skippie,Masterton,smasterton4y@nsw.gov.au,Male,58.9.35.78
180,Rodie,Tregensoe,rtregensoe4z@mozilla.org,Female,7.245.53.145
181,Shelby,Critcher,scritcher50@illinois.edu,Female,184.88.91.45
182,Jaye,Glashby,jglashby51@ox.ac.uk,Male,173.103.55.66
183,Lanita,Reddoch,lreddoch52@nih.gov,Female,103.55.253.215
184,Anderea,Luscombe,aluscombe53@ocn.ne.jp,Female,101.198.115.197
185,Maurise,Oughtright,moughtright54@amazon.co.uk,Female,31.30.31.29
186,Carly,Dow,cdow55@illinois.edu,Male,108.70.76.31
187,Martainn,Esland,mesland56@cbsnews.com,Male,108.238.10.208
188,Eadith,O'Crevan,eocrevan57@businessweek.com,Female,28.46.44.78
189,Madeline,Wynter,mwynter58@google.it,Female,33.131.183.198
190,Hazlett,Germann,hgermann59@tamu.edu,Male,40.98.125.197
191,Leo,Canlin,lcanlin5a@ftc.gov,Male,24.219.171.87
192,Liane,Flippen,lflippen5b@over-blog.com,Female,3.228.137.41
193,Caren,Overstall,coverstall5c@reference.com,Female,244.199.242.29
194,Toni,Leah,tleah5d@goo.ne.jp,Female,39.12.192.182
195,Teodoro,Clissold,tclissold5e@soup.io,Male,102.63.121.187
196,Vail,Godmer,vgodmer5f@ehow.com,Male,236.160.207.241
197,Grace,Sterman,gsterman5g@naver.com,Male,141.3.243.231
198,Gwenneth,Tomkinson,gtomkinson5h@1688.com,Female,154.241.232.189
199,Netti,Luxton,nluxton5i@mozilla.org,Female,14.64.237.170
200,Sarine,Maytom,smaytom5j@netscape.com,Female,11.69.55.137
201,Galvin,Delap,gdelap5k@opensource.org,Male,1.65.50.137
202,Andeee,Maddocks,amaddocks5l@rediff.com,Female,56.145.117.211
203,Damon,Cultcheth,dcultcheth5m@networkadvertising.org,Male,154.48.196.149
204,Trev,Bagott,tbagott5n@chronoengine.com,Male,89.212.229.99
205,Ayn,Jacmard,ajacmard5o@umn.edu,Female,203.247.65.250
206,Brendan,Twitching,btwitching5p@gravatar.com,Male,221.142.81.21
207,Nester,Mabbett,nmabbett5q@amazonaws.com,Male,2.149.6.77
208,Caz,Mattiazzi,cmattiazzi5r@berkeley.edu,Male,195.89.199.117
209,Alwin,Okenfold,aokenfold5s@weather.com,Male,77.208.168.18
210,Leda,Delf,ldelf5t@independent.co.uk,Female,138.227.109.63
211,Lem,Messiter,lmessiter5u@washingtonpost.com,Male,118.14.177.246
212,Neilla,Moukes,nmoukes5v@indiegogo.com,Female,202.125.84.79
213,Ange,Duckerin,aduckerin5w@list-manage.com,Female,50.227.249.121
214,Farica,Vyel,fvyel5x@jalbum.net,Female,238.240.39.218
215,Westbrook,Wisdom,wwisdom5y@indiatimes.com,Male,209.33.182.77
216,Hewett,Rydings,hrydings5z@taobao.com,Male,110.29.72.207
217,Nels,Juschke,njuschke60@w3.org,Male,153.6.30.111
218,Robin,Yakunin,ryakunin61@barnesandnoble.com,Male,227.212.76.190
219,Chelsea,Colwill,ccolwill62@webmd.com,Female,13.17.158.212
220,Saunder,Meaney,smeaney63@whitehouse.gov,Male,183.232.192.213
221,Keen,Giovanitti,kgiovanitti64@go.com,Male,51.107.64.196
222,Staford,Gallafant,sgallafant65@comcast.net,Male,25.179.228.179
223,Cyrillus,Semiraz,csemiraz66@creativecommons.org,Male,163.208.92.158
224,Del,Axtens,daxtens67@nsw.gov.au,Male,14.30.207.184
225,Cybill,Cudde,ccudde68@hc360.com,Female,88.238.80.106
226,Anthea,Parkinson,aparkinson69@t.co,Female,171.192.191.13
227,Stewart,Ramsdell,sramsdell6a@cpanel.net,Male,141.31.184.249
228,Patricio,Tipler,ptipler6b@seattletimes.com,Male,145.232.55.255
229,Helaina,Hale,hhale6c@amazonaws.com,Female,62.77.44.192
230,Rosalie,Sailes,rsailes6d@wix.com,Female,116.167.148.19
231,Lavena,Draysay,ldraysay6e@reference.com,Female,176.79.68.240
232,Anabella,Sandbatch,asandbatch6f@examiner.com,Female,63.127.181.95
233,Nappie,Arnett,narnett6g@webnode.com,Male,109.106.218.168
234,Hamid,Solomonides,hsolomonides6h@rakuten.co.jp,Male,177.196.44.72
235,Baron,Slym,bslym6i@cisco.com,Male,42.216.233.161
236,Karlis,Luckman,kluckman6j@newyorker.com,Male,134.156.112.166
237,Margot,Holburn,mholburn6k@surveymonkey.com,Female,190.196.195.178
238,Emanuele,Sturmey,esturmey6l@virginia.edu,Male,54.77.228.31
239,Harlen,Loseke,hloseke6m@shutterfly.com,Male,33.68.152.217
240,Pail,Boggis,pboggis6n@artisteer.com,Male,134.190.144.202
241,Natka,Thorndale,nthorndale6o@delicious.com,Female,174.13.171.220
242,Cully,Bourner,cbourner6p@dion.ne.jp,Male,149.197.42.163
243,Rakel,Hockell,rhockell6q@reddit.com,Female,248.127.126.160
244,Nye,Dust,ndust6r@netscape.com,Male,82.59.126.40
245,Sophia,Ugoni,sugoni6s@walmart.com,Female,153.202.40.15
246,Hedy,Durward,hdurward6t@netvibes.com,Female,171.104.224.179
247,Kala,Skeene,kskeene6u@google.fr,Female,142.115.101.48
248,Sheila,Morrel,smorrel6v@discovery.com,Female,180.118.14.75
249,Wald,Whitley,wwhitley6w@tmall.com,Male,191.133.71.123
250,Ileane,Petrolli,ipetrolli6x@nhs.uk,Female,25.67.186.81
251,Marvin,Flynn,mflynn6y@weibo.com,Male,110.232.29.41
252,Wallache,Serle,wserle6z@apple.com,Male,211.245.237.229
253,Charo,Elfitt,celfitt70@mayoclinic.com,Female,216.223.34.125
254,Catriona,Wicklin,cwicklin71@bing.com,Female,185.90.248.80
255,Kara,Antonacci,kantonacci72@scientificamerican.com,Female,57.2.245.48
256,Dulce,Edgerly,dedgerly73@theatlantic.com,Female,184.100.70.220
257,Trix,Craigmyle,tcraigmyle74@hubpages.com,Female,111.62.95.149
258,Oran,Ivins,oivins75@ox.ac.uk,Male,173.124.135.136
259,Adolphus,Geertje,ageertje76@list-manage.com,Male,231.34.32.205
260,Lizzy,Mattock,lmattock77@ihg.com,Female,120.82.74.98
261,Ofilia,Pedler,opedler78@acquirethisname.com,Female,56.169.172.54
262,Milka,Jansky,mjansky79@kickstarter.com,Female,141.144.100.44
263,Trisha,Barrett,tbarrett7a@arizona.edu,Female,105.34.122.26
264,Jo,Loan,jloan7b@cafepress.com,Female,181.167.212.47
265,Montgomery,McTeague,mmcteague7c@github.com,Male,74.235.115.193
266,Innis,Vawton,ivawton7d@ocn.ne.jp,Male,225.232.176.16
267,Florina,Hanby,fhanby7e@amazon.com,Female,227.210.239.215
268,Sophia,Schrinel,sschrinel7f@hatena.ne.jp,Female,115.219.136.125
269,Robinet,Corrett,rcorrett7g@wordpress.com,Female,145.88.31.153
270,Verge,Sprakes,vsprakes7h@cnbc.com,Male,253.31.46.127
271,Emmanuel,Lightfoot,elightfoot7i@ted.com,Male,182.56.200.25
272,Lynn,Cheke,lcheke7j@aboutads.info,Female,169.112.2.219
273,Elga,Ragborne,eragborne7k@bbc.co.uk,Female,36.187.132.118
274,Knox,Dulson,kdulson7l@walmart.com,Male,69.172.137.41
275,Laurens,Hammand,lhammand7m@wunderground.com,Male,138.108.101.192
276,Carlie,Lerhinan,clerhinan7n@sciencedaily.com,Male,190.239.170.59
277,Kelsy,Urry,kurry7o@hp.com,Female,117.191.187.196
278,Desmund,Gorger,dgorger7p@newsvine.com,Male,71.24.146.95
279,Hieronymus,Gobert,hgobert7q@sfgate.com,Male,33.163.46.160
280,Armin,Hender,ahender7r@imdb.com,Male,242.132.122.76
281,Glynis,O'Cannavan,gocannavan7s@ocn.ne.jp,Female,213.25.137.72
282,Michail,Lyndon,mlyndon7t@blinklist.com,Male,98.71.8.165
283,Farlie,Voaden,fvoaden7u@oakley.com,Male,159.122.31.27
284,Jobie,Imort,jimort7v@microsoft.com,Female,127.170.233.85
285,Patten,Hallsworth,phallsworth7w@w3.org,Male,61.213.236.26
286,Ced,Ricard,cricard7x@jugem.jp,Male,225.249.148.235
287,Brennen,Prendeguest,bprendeguest7y@diigo.com,Male,118.182.202.92
288,Keelby,Matthius,kmatthius7z@opera.com,Male,46.27.240.8
289,Melly,Lawman,mlawman80@businessweek.com,Female,221.3.227.36
290,Isa,Oliveto,ioliveto81@thetimes.co.uk,Male,63.5.76.45
291,Frasquito,Ranfield,franfield82@constantcontact.com,Male,182.25.200.118
292,Collie,Kiley,ckiley83@yellowpages.com,Female,225.54.23.76
293,Sutherlan,Grut,sgrut84@nih.gov,Male,3.208.171.119
294,Blisse,Font,bfont85@auda.org.au,Female,156.93.238.126
295,Joan,Rolston,jrolston86@hhs.gov,Female,31.132.129.73
296,Valery,Yurmanovev,vyurmanovev87@dion.ne.jp,Female,10.233.68.171
297,Maximilien,Gerold,mgerold88@kickstarter.com,Male,5.7.102.160
298,Brittne,Slyford,bslyford89@dagondesign.com,Female,57.190.166.95
299,Andreas,Legrave,alegrave8a@economist.com,Male,150.90.15.167
300,Godard,Dall,gdall8b@barnesandnoble.com,Male,26.151.148.218
301,Tommi,Taylor,ttaylor8c@google.ca,Female,62.79.133.186
302,Jorey,Tamblingson,jtamblingson8d@statcounter.com,Female,2.23.65.0
303,Aluin,Leipoldt,aleipoldt8e@people.com.cn,Male,193.115.188.113
304,Dewitt,Daddow,ddaddow8f@dmoz.org,Male,244.168.70.43
305,Bink,Scollick,bscollick8g@wisc.edu,Male,188.147.81.112
306,Ann-marie,Riep,ariep8h@ebay.co.uk,Female,125.74.203.110
307,Gail,Houchen,ghouchen8i@google.com.br,Female,77.207.40.114
308,Ferdy,Attwool,fattwool8j@technorati.com,Male,81.171.55.46
309,Braden,Morit,bmorit8k@utexas.edu,Male,10.107.240.189
310,Gerard,Kulvear,gkulvear8l@stanford.edu,Male,113.234.39.29
311,Bryant,Grugerr,bgrugerr8m@si.edu,Male,78.251.219.214
312,Guillema,Draper,gdraper8n@lulu.com,Female,29.87.34.194
313,Brent,Salmons,bsalmons8o@odnoklassniki.ru,Male,14.250.29.225
314,Agnes,Massie,amassie8p@usnews.com,Female,114.4.216.93
315,Zeke,Ellinor,zellinor8q@youtube.com,Male,222.53.167.14
316,Vite,Reeman,vreeman8r@google.nl,Male,14.205.148.229
317,Gabi,Vennart,gvennart8s@newyorker.com,Male,90.250.155.114
318,Jaimie,Magowan,jmagowan8t@tmall.com,Female,5.11.177.103
319,Esra,Wenzel,ewenzel8u@sphinn.com,Male,221.235.237.106
320,Thomasa,Branch,tbranch8v@creativecommons.org,Female,19.5.83.108
321,Morty,Corroyer,mcorroyer8w@imageshack.us,Male,35.252.104.142
322,James,Thompkins,jthompkins8x@1688.com,Male,69.176.88.50
323,Hersh,Risen,hrisen8y@wiley.com,Male,162.85.238.10
324,Nerte,Clint,nclint8z@webnode.com,Female,55.93.237.157
325,Guillaume,Umfrey,gumfrey90@yahoo.com,Male,149.25.240.226
326,Joanie,Treppas,jtreppas91@themeforest.net,Female,197.140.248.250
327,Agnes,Lusted,alusted92@cpanel.net,Female,162.109.20.240
328,Rick,Rubin,rrubin93@hc360.com,Male,22.133.41.28
329,Maryanne,Worcs,mworcs94@usatoday.com,Female,177.96.94.84
330,Cherilynn,Brennand,cbrennand95@theglobeandmail.com,Female,108.37.19.37
331,Maryl,Ogdahl,mogdahl96@cyberchimps.com,Female,162.242.40.112
332,Mallory,Union,munion97@blogs.com,Male,77.51.151.179
333,Brinn,Paiton,bpaiton98@cnet.com,Female,127.193.57.50
334,Bobbe,Wurz,bwurz99@livejournal.com,Female,4.36.108.237
335,Druci,Giffen,dgiffen9a@accuweather.com,Female,189.58.236.71
336,Gilli,Bentley,gbentley9b@ezinearticles.com,Female,168.250.35.127
337,Davis,Cadore,dcadore9c@homestead.com,Male,61.204.101.180
338,Kimball,Childes,kchildes9d@blinklist.com,Male,83.93.200.174
339,Bucky,Brodnecke,bbrodnecke9e@shutterfly.com,Male,72.88.61.43
340,Timmi,Ribeiro,tribeiro9f@state.tx.us,Female,1.225.35.187
341,Trude,Verduin,tverduin9g@quantcast.com,Female,150.14.174.230
342,Brand,Kisting,bkisting9h@free.fr,Male,222.231.184.190
343,Odell,Belmont,obelmont9i@fotki.com,Male,31.55.55.153
344,Cecil,Bengefield,cbengefield9j@auda.org.au,Male,246.87.106.215
345,Kerrie,Robinet,krobinet9k@disqus.com,Female,193.236.87.249
346,Nadean,Girardy,ngirardy9l@sbwire.com,Female,235.134.216.71
347,Seward,Extill,sextill9m@weebly.com,Male,128.153.195.61
348,Lilah,Dorbin,ldorbin9n@pinterest.com,Female,129.67.74.42
349,Esmaria,Chasson,echasson9o@cyberchimps.com,Female,165.204.137.75
350,Dianna,Bucham,dbucham9p@ifeng.com,Female,1.29.102.66
351,Aaron,Iwanczyk,aiwanczyk9q@is.gd,Male,148.207.42.41
352,Chariot,Spittal,cspittal9r@businessweek.com,Male,6.170.181.157
353,Verina,Curnok,vcurnok9s@over-blog.com,Female,216.85.103.144
354,Astrid,Stebbin,astebbin9t@freewebs.com,Female,10.192.157.118
355,Colby,Dever,cdever9u@macromedia.com,Male,11.83.76.220
356,Bradly,Crucetti,bcrucetti9v@liveinternet.ru,Male,49.36.169.87
357,Rainer,MacCartney,rmaccartney9w@ameblo.jp,Male,96.97.232.79
358,Lilyan,Dell,ldell9x@businessweek.com,Female,157.241.167.128
359,Myranda,Drawmer,mdrawmer9y@businessweek.com,Female,198.202.116.239
360,Tiff,Dikelin,tdikelin9z@dion.ne.jp,Female,245.182.191.220
361,Scarface,Larrad,slarrada0@mapquest.com,Male,90.123.231.201
362,Marta,Dansie,mdansiea1@fastcompany.com,Female,95.71.80.249
363,Blythe,Stobbart,bstobbarta2@ovh.net,Female,254.119.185.37
364,Ransom,Van den Velden,rvandenveldena3@gravatar.com,Male,168.203.20.241
365,Ines,Bonnavant,ibonnavanta4@wikia.com,Female,60.104.61.196
366,Gusti,Pow,gpowa5@wiley.com,Female,3.165.30.135
367,Nissy,Prewett,nprewetta6@buzzfeed.com,Female,129.183.97.83
368,Sylvia,Pettengell,spettengella7@census.gov,Female,122.138.172.110
369,Kirsten,Facchini,kfacchinia8@163.com,Female,85.211.210.63
370,Merridie,Sambles,msamblesa9@twitpic.com,Female,67.150.163.31
371,Emlynne,Potten,epottenaa@reverbnation.com,Female,230.177.251.103
372,Stacie,Shillitto,sshillittoab@theatlantic.com,Female,113.69.245.243
373,Tamara,Poulden,tpouldenac@unc.edu,Female,141.91.223.42
374,Meyer,Shewon,mshewonad@symantec.com,Male,75.180.179.13
375,Rachael,Wardesworth,rwardesworthae@dailymail.co.uk,Female,151.70.100.129
376,Eldredge,Crannage,ecrannageaf@amazonaws.com,Male,133.206.146.12
377,Gerda,Formigli,gformigliag@aboutads.info,Female,191.15.86.233
378,Gratia,Gossington,ggossingtonah@intel.com,Female,90.163.184.90
379,Sigfrid,Crippin,scrippinai@hugedomains.com,Male,199.83.219.177
380,Dinny,McGuffog,dmcguffogaj@storify.com,Female,244.28.120.197
381,Doyle,Deyes,ddeyesak@seattletimes.com,Male,55.96.194.90
382,Erich,Warke,ewarkeal@paginegialle.it,Male,223.30.218.126
383,Isabelle,MacSween,imacsweenam@mediafire.com,Female,65.147.102.60
384,Dede,Toe,dtoean@theatlantic.com,Female,176.225.86.45
385,Lucius,Rising,lrisingao@hexun.com,Male,58.143.197.188
386,Crissy,Whiskerd,cwhiskerdap@reverbnation.com,Female,219.8.10.253
387,Felita,Disbrey,fdisbreyaq@so-net.ne.jp,Female,71.75.134.39
388,Madelyn,Buller,mbullerar@google.nl,Female,137.64.167.18
389,Roland,Durtnell,rdurtnellas@harvard.edu,Male,115.92.118.105
390,Obed,Chattell,ochattellat@google.co.jp,Male,252.224.248.235
391,Tally,Hankard,thankardau@google.co.uk,Female,98.163.228.216
392,Cart,Titman,ctitmanav@barnesandnoble.com,Male,248.183.29.52
393,Franzen,Iwanicki,fiwanickiaw@goo.ne.jp,Male,22.231.0.254
394,Brody,Sommerton,bsommertonax@google.co.jp,Male,166.221.226.101
395,Farleigh,Addionisio,faddionisioay@goo.ne.jp,Male,102.45.231.63
396,Kirsteni,Lude,kludeaz@diigo.com,Female,82.163.106.108
397,Mimi,Yarr,myarrb0@discuz.net,Female,31.215.212.73
398,Garth,Savaage,gsavaageb1@t.co,Male,170.234.23.53
399,Merilee,Whitham,mwhithamb2@cnbc.com,Female,103.215.68.80
400,Colman,Hadden,chaddenb3@virginia.edu,Male,49.181.195.170
401,Ferne,Pallis,fpallisb4@patch.com,Female,246.165.9.143
402,Abie,Redhole,aredholeb5@yellowbook.com,Male,55.209.48.214
403,Homer,Easson,heassonb6@walmart.com,Male,223.104.20.111
404,Casie,Ivamy,civamyb7@technorati.com,Female,51.145.101.98
405,Farrand,Carrabott,fcarrabottb8@oaic.gov.au,Female,227.229.253.18
406,Mechelle,Bowlands,mbowlandsb9@sciencedaily.com,Female,106.162.61.167
407,Valdemar,Catterson,vcattersonba@hc360.com,Male,169.164.194.185
408,Rickie,Hamblyn,rhamblynbb@mac.com,Male,160.18.192.110
409,Jordan,Proschek,jproschekbc@g.co,Male,1.195.46.68
410,Silvano,Bentz,sbentzbd@newsvine.com,Male,68.157.143.164
411,Jolene,Clack,jclackbe@guardian.co.uk,Female,45.160.138.235
412,Barr,Presley,bpresleybf@odnoklassniki.ru,Male,196.91.186.223
413,Giffy,Scudders,gscuddersbg@bandcamp.com,Male,42.134.46.210
414,Say,Bache,sbachebh@imgur.com,Male,133.240.84.33
415,Erhart,Figgs,efiggsbi@github.com,Male,149.240.92.91
416,Garrik,Thing,gthingbj@spiegel.de,Male,35.233.89.203
417,Milissent,Culmer,mculmerbk@amazon.co.jp,Female,122.112.171.211
418,Gwynne,Caulder,gcaulderbl@goo.gl,Female,230.104.130.193
419,Deanna,Test,dtestbm@360.cn,Female,106.2.74.189
420,Karlene,Bilovsky,kbilovskybn@nature.com,Female,179.74.25.142
421,Adan,Dolohunty,adolohuntybo@altervista.org,Male,177.231.181.254
422,Almeda,O'Docherty,aodochertybp@sourceforge.net,Female,194.41.2.80
423,Joli,Gonzalez,jgonzalezbq@pen.io,Female,172.45.21.7
424,Brodie,Ungerer,bungererbr@tinyurl.com,Male,124.71.48.175
425,Zilvia,Ivanuschka,zivanuschkabs@mysql.com,Female,103.193.52.192
426,Krysta,Soper,ksoperbt@businessinsider.com,Female,51.24.50.46
427,Denis,Sproston,dsprostonbu@ocn.ne.jp,Male,213.25.20.31
428,Ingmar,Paulino,ipaulinobv@networksolutions.com,Male,151.131.112.165
429,Jaymie,Fabb,jfabbbw@twitpic.com,Male,40.139.17.235
430,Alvina,Simonson,asimonsonbx@sphinn.com,Female,60.190.25.231
431,Jamima,Dominiak,jdominiakby@vkontakte.ru,Female,134.190.241.84
432,Christel,Abelson,cabelsonbz@qq.com,Female,222.235.28.156
433,Valene,Mashal,vmashalc0@icq.com,Female,233.51.117.29
434,Linette,Winckle,lwincklec1@boston.com,Female,157.245.145.160
435,Loreen,Hamelyn,lhamelync2@tuttocitta.it,Female,94.107.110.59
436,Rosabel,Delete,rdeletec3@dailymail.co.uk,Female,28.184.150.159
437,Nolly,Ivett,nivettc4@geocities.com,Male,188.241.135.99
438,Mela,Josuweit,mjosuweitc5@etsy.com,Female,86.78.110.165
439,Wallie,Cheley,wcheleyc6@marketwatch.com,Male,170.246.50.12
440,Mendel,Gillino,mgillinoc7@reddit.com,Male,216.57.120.190
441,Edd,Perche,eperchec8@imageshack.us,Male,103.76.114.138
442,Matteo,Perrett,mperrettc9@adobe.com,Male,54.134.206.5
443,Emmalee,Aldis,ealdisca@statcounter.com,Female,250.120.131.167
444,Anselm,Baff,abaffcb@tuttocitta.it,Male,72.105.109.72
445,Hammad,Hussell,hhussellcc@house.gov,Male,59.177.233.146
446,Casi,Paullin,cpaullincd@aol.com,Female,167.101.84.82
447,Estele,Simms,esimmsce@mozilla.org,Female,120.156.231.3
448,Berke,Robez,brobezcf@google.it,Male,67.126.129.107
449,Elia,Sutterfield,esutterfieldcg@mapquest.com,Male,196.24.194.15
450,Ivett,Debill,idebillch@ifeng.com,Female,80.232.158.25
451,Fin,Diffley,fdiffleyci@jigsy.com,Male,175.64.191.17
452,Charissa,Dominy,cdominycj@hud.gov,Female,47.171.172.31
453,Jessie,Stewartson,jstewartsonck@wikimedia.org,Male,149.196.244.8
454,Billye,Phil,bphilcl@t-online.de,Female,171.59.77.59
455,Shellie,Rapport,srapportcm@cdbaby.com,Female,240.103.144.229
456,Gail,Ryde,grydecn@opera.com,Female,174.165.127.69
457,Wendeline,Bleeze,wbleezeco@creativecommons.org,Female,89.132.172.192
458,Alva,Comins,acominscp@fc2.com,Male,106.214.237.247
459,Bob,Jagger,bjaggercq@yandex.ru,Male,198.1.216.12
460,Donalt,Pickerell,dpickerellcr@privacy.gov.au,Male,97.157.22.161
461,Cornelle,Buret,cburetcs@vk.com,Female,21.118.107.139
462,Aube,Dangerfield,adangerfieldct@chicagotribune.com,Male,11.247.113.225
463,Gustavo,Cracie,gcraciecu@wikispaces.com,Male,7.194.184.122
464,Galen,Caunter,gcauntercv@photobucket.com,Male,81.89.254.214
465,Oralee,Ryan,oryancw@blinklist.com,Female,113.113.87.81
466,Shantee,Morcom,smorcomcx@networkadvertising.org,Female,17.78.38.29
467,Aleksandr,Stagge,astaggecy@hhs.gov,Male,147.168.129.194
468,Smith,Fludder,sfluddercz@yelp.com,Male,106.155.7.161
469,Chevy,Bedo,cbedod0@umich.edu,Male,148.49.7.150
470,Astrix,Lancetter,alancetterd1@ocn.ne.jp,Female,201.217.80.54
471,Whitman,Spurge,wspurged2@techcrunch.com,Male,246.189.178.55
472,Barbi,Artindale,bartindaled3@princeton.edu,Female,176.108.198.22
473,Marigold,Quipp,mquippd4@nature.com,Female,250.223.146.188
474,Thurston,Fisbey,tfisbeyd5@e-recht24.de,Male,235.70.7.126
475,Tamas,Zanuciolii,tzanucioliid6@army.mil,Male,178.206.129.204
476,Fran,Bewicke,fbewicked7@mtv.com,Male,72.18.202.165
477,Alejandrina,Trangmar,atrangmard8@wufoo.com,Female,70.148.249.80
478,Marijn,Welburn,mwelburnd9@harvard.edu,Male,4.25.15.133
479,Roth,Dendon,rdendonda@cbc.ca,Male,107.41.182.158
480,Luelle,Chasmar,lchasmardb@ftc.gov,Female,179.40.148.147
481,Kareem,Bewshire,kbewshiredc@nhs.uk,Male,36.9.12.143
482,Bone,Penberthy,bpenberthydd@admin.ch,Male,107.169.74.235
483,Briana,Lorrie,blorriede@cbsnews.com,Female,98.244.243.60
484,Lisabeth,Snoad,lsnoaddf@state.tx.us,Female,238.107.147.69
485,Giustina,Tippetts,gtippettsdg@home.pl,Female,184.126.213.29
486,Sayers,Hordle,shordledh@mozilla.com,Male,250.219.98.170
487,Jeffry,Bodycombe,jbodycombedi@narod.ru,Male,132.27.51.219
488,Logan,Vedyaev,lvedyaevdj@xrea.com,Male,89.235.158.245
489,Pall,Lethbridge,plethbridgedk@tamu.edu,Male,13.76.9.38
490,Ashlan,Buckleigh,abuckleighdl@woothemes.com,Female,132.141.121.8
491,Oriana,Stienton,ostientondm@ucoz.com,Female,109.212.23.148
492,Harmony,Epps,heppsdn@wisc.edu,Female,97.249.176.159
493,Rice,Vaggs,rvaggsdo@tmall.com,Male,54.234.19.207
494,Silvana,Janiszewski,sjaniszewskidp@census.gov,Female,228.103.173.70
495,Harman,Vicarey,hvicareydq@army.mil,Male,250.234.174.159
496,Manfred,Da Costa,mdacostadr@devhub.com,Male,157.79.184.43
497,Philippine,Desson,pdessonds@oaic.gov.au,Female,128.210.231.128
498,Jemimah,Vandrill,jvandrilldt@yolasite.com,Female,95.75.244.13
499,Christie,Abdy,cabdydu@google.co.uk,Female,141.224.115.214
500,Bink,Piser,bpiserdv@instagram.com,Male,50.35.30.22
501,Doloritas,Curl,dcurldw@thetimes.co.uk,Female,184.38.146.160
502,Josephine,Beal,jbealdx@abc.net.au,Female,194.75.255.66
503,Bobby,Cornelius,bcorneliusdy@themeforest.net,Male,99.203.132.81
504,Damon,Lattimer,dlattimerdz@sogou.com,Male,182.152.162.170
505,Carny,Dwire,cdwiree0@cdbaby.com,Male,57.12.100.195
506,Barbara-anne,Petegree,bpetegreee1@sfgate.com,Female,195.7.129.193
507,Nadine,Rhyme,nrhymee2@stanford.edu,Female,201.27.14.165
508,Gena,Coverley,gcoverleye3@mapy.cz,Female,19.242.240.229
509,Levin,Lorman,llormane4@wikipedia.org,Male,212.129.176.61
510,Bertie,Clulow,bclulowe5@msu.edu,Female,255.32.16.56
511,Prentice,Battey,pbatteye6@privacy.gov.au,Male,28.55.247.56
512,Winn,Girodier,wgirodiere7@symantec.com,Male,205.172.43.98
513,Jarad,MacCafferky,jmaccafferkye8@so-net.ne.jp,Male,225.232.152.144
514,Sarene,Allanson,sallansone9@blogtalkradio.com,Female,188.242.95.12
515,Ariela,Wanek,awanekea@accuweather.com,Female,110.230.109.149
516,Pasquale,Escott,pescotteb@sfgate.com,Male,19.84.215.245
517,My,Bladen,mbladenec@aol.com,Male,162.3.65.77
518,Raphaela,Clemenson,rclemensoned@disqus.com,Female,80.232.190.217
519,Paulina,Clowney,pclowneyee@hexun.com,Female,250.167.147.13
520,Aldridge,Tivolier,ativolieref@shinystat.com,Male,235.44.18.22
521,Judd,Playden,jplaydeneg@utexas.edu,Male,111.9.160.144
522,Krissy,Barnet,kbarneteh@hud.gov,Female,129.150.96.185
523,Margarethe,Aldcorn,maldcornei@barnesandnoble.com,Female,6.5.101.212
524,Veda,Deaton,vdeatonej@barnesandnoble.com,Female,98.201.131.209
525,Elston,McCaughran,emccaughranek@mysql.com,Male,56.29.231.18
526,Red,De Ferraris,rdeferrarisel@livejournal.com,Male,80.215.71.128
527,Monro,Tottle,mtottleem@blinklist.com,Male,200.200.24.41
528,Janella,Thomas,jthomasen@timesonline.co.uk,Female,50.191.89.82
529,Nikolas,Garland,ngarlandeo@ezinearticles.com,Male,55.110.1.207
530,Dickie,Milington,dmilingtonep@army.mil,Male,173.124.189.63
531,Hoebart,Woodier,hwoodiereq@is.gd,Male,87.228.148.27
532,Hedwig,Tibbles,htibbleser@amazon.co.uk,Female,177.82.113.236
533,Myranda,Foddy,mfoddyes@addthis.com,Female,122.188.114.255
534,Abra,Kennon,akennonet@liveinternet.ru,Female,229.97.210.98
535,Bree,Dornin,bdornineu@cam.ac.uk,Female,52.157.163.72
536,Hansiain,Meneyer,hmeneyerev@redcross.org,Male,179.30.3.140
537,Luz,Wisher,lwisherew@mapy.cz,Female,29.66.126.94
538,Lesli,Kiledal,lkiledalex@whitehouse.gov,Female,66.55.78.136
539,Meredeth,Macy,mmacyey@mlb.com,Male,36.91.19.101
540,Terza,Linke,tlinkeez@paypal.com,Female,133.207.52.39
541,Wiley,Dodwell,wdodwellf0@vimeo.com,Male,45.248.120.201
542,Lodovico,Graffin,lgraffinf1@illinois.edu,Male,19.252.231.194
543,Tremain,Gonzalo,tgonzalof2@cargocollective.com,Male,80.42.228.158
544,Phylis,Cristofolini,pcristofolinif3@ftc.gov,Female,100.222.33.101
545,Franky,Petters,fpettersf4@wikia.com,Male,99.95.146.165
546,Remus,Seary,rsearyf5@ebay.co.uk,Male,133.148.221.108
547,Orland,Ambrogiotti,oambrogiottif6@theguardian.com,Male,233.7.79.9
548,Selina,Kondrachenko,skondrachenkof7@thetimes.co.uk,Female,89.157.206.133
549,Brooks,Iwaszkiewicz,biwaszkiewiczf8@boston.com,Female,85.205.161.235
550,Herb,Shrieve,hshrievef9@photobucket.com,Male,131.22.147.57
551,Alessandra,Lepope,alepopefa@shutterfly.com,Female,8.19.29.14
552,Andrew,Baily,abailyfb@google.de,Male,239.122.75.176
553,Mendie,Gascone,mgasconefc@cocolog-nifty.com,Male,209.134.11.235
554,Tripp,Zanazzi,tzanazzifd@theatlantic.com,Male,76.234.100.103
555,Benoite,Shilito,bshilitofe@facebook.com,Female,47.179.30.64
556,Sherwin,O'Dwyer,sodwyerff@soundcloud.com,Male,178.157.54.250
557,Faye,Pablo,fpablofg@ucla.edu,Female,162.119.166.139
558,Stesha,Lavers,slaversfh@usgs.gov,Female,254.161.87.65
559,Ichabod,Hanton,ihantonfi@skyrock.com,Male,40.107.155.179
560,Emmye,Dumbell,edumbellfj@biglobe.ne.jp,Female,114.160.32.113
561,Bastian,Buist,bbuistfk@zdnet.com,Male,125.130.111.22
562,Bengt,Porch,bporchfl@nytimes.com,Male,93.101.124.27
563,Dani,Dundon,ddundonfm@wisc.edu,Male,56.125.0.211
564,Ranna,Forsard,rforsardfn@meetup.com,Female,205.98.166.83
565,Murielle,Rathbourne,mrathbournefo@amazonaws.com,Female,175.105.97.230
566,Ludovico,Mullinger,lmullingerfp@marriott.com,Male,89.23.74.128
567,Erskine,Pollastro,epollastrofq@businesswire.com,Male,104.153.33.208
568,Branden,Bennison,bbennisonfr@prlog.org,Male,8.185.196.244
569,Jake,Marchington,jmarchingtonfs@indiatimes.com,Male,118.33.172.108
570,Clary,Abbie,cabbieft@timesonline.co.uk,Female,49.88.22.199
571,Dallas,Doppler,ddopplerfu@adobe.com,Female,208.145.181.102
572,Sonnie,Bamlett,sbamlettfv@cdbaby.com,Female,63.245.242.66
573,Leigh,Rowly,lrowlyfw@parallels.com,Female,253.200.60.143
574,Lorilyn,Andreasen,landreasenfx@reddit.com,Female,156.3.227.221
575,Lethia,Hof,lhoffy@scribd.com,Female,100.71.88.19
576,Carlen,Waslin,cwaslinfz@nps.gov,Female,20.12.134.125
577,Beverley,Gatherell,bgatherellg0@hubpages.com,Female,166.93.177.18
578,Perri,Enriquez,penriquezg1@networksolutions.com,Female,42.89.136.81
579,Pauletta,Congrave,pcongraveg2@cmu.edu,Female,140.16.167.49
580,Olvan,Sheekey,osheekeyg3@google.com,Male,94.39.195.158
581,Rupert,Eteen,reteeng4@ameblo.jp,Male,23.71.80.106
582,Claus,Gisburne,cgisburneg5@google.it,Male,153.103.218.226
583,Vladamir,Thaim,vthaimg6@timesonline.co.uk,Male,187.64.31.241
584,Osmund,Medley,omedleyg7@bbb.org,Male,232.20.191.235
585,Mitch,Cranney,mcranneyg8@netlog.com,Male,47.143.37.213
586,Valentin,Rollins,vrollinsg9@booking.com,Male,169.114.26.239
587,Cyrillus,Rousby,crousbyga@alexa.com,Male,154.25.214.68
588,Jarret,Ridhole,jridholegb@ow.ly,Male,80.66.64.209
589,Livia,Clinning,lclinninggc@sfgate.com,Female,82.96.92.70
590,Desi,Hollow,dhollowgd@wordpress.org,Male,207.130.254.42
591,Mackenzie,Veazey,mveazeyge@java.com,Male,6.174.195.23
592,Arlie,Lukasen,alukasengf@ucoz.ru,Female,39.248.162.247
593,Evie,Pitson,epitsongg@berkeley.edu,Female,60.205.249.108
594,Agatha,St Quenin,astqueningh@diigo.com,Female,36.58.139.42
595,Jenda,Hackford,jhackfordgi@nature.com,Female,4.218.110.42
596,Arabella,Stockill,astockillgj@aboutads.info,Female,239.102.34.56
597,Coop,Moverley,cmoverleygk@youtube.com,Male,8.223.32.114
598,Tracey,Schankelborg,tschankelborggl@mozilla.org,Male,86.157.208.9
599,Gunter,Wyllis,gwyllisgm@reuters.com,Male,217.72.31.237
600,Elianora,Ravenshear,eravensheargn@51.la,Female,229.16.181.53
601,Tripp,Thumnel,tthumnelgo@eventbrite.com,Male,92.193.133.244
602,Cody,Canavan,ccanavangp@hp.com,Female,60.227.94.14
603,Vivienne,Cardoso,vcardosogq@cbc.ca,Female,97.76.201.89
604,Cortney,Groarty,cgroartygr@printfriendly.com,Female,45.128.188.226
605,Julieta,Raincin,jraincings@zdnet.com,Female,114.221.232.89
606,Mallory,Cholmondeley,mcholmondeleygt@constantcontact.com,Male,20.219.235.171
607,Carlin,Izakovitz,cizakovitzgu@cpanel.net,Male,96.147.199.211
608,Judd,Fellows,jfellowsgv@domainmarket.com,Male,206.86.170.89
609,Rena,Kolinsky,rkolinskygw@ameblo.jp,Female,179.154.206.205
610,Felicio,Vasyutin,fvasyutingx@newyorker.com,Male,175.106.169.49
611,Bria,Riby,bribygy@a8.net,Female,71.145.53.184
612,Jaime,Eckly,jecklygz@sciencedaily.com,Male,220.180.5.23
613,Zara,Connelly,zconnellyh0@spiegel.de,Female,70.236.210.19
614,Tailor,O' Quirk,toquirkh1@reference.com,Male,48.147.62.184
615,Redford,Dufer,rduferh2@usnews.com,Male,87.248.43.127
616,Clementine,Treversh,ctrevershh3@go.com,Female,108.161.24.13
617,Christan,Dulany,cdulanyh4@wiley.com,Female,78.73.232.72
618,Celinka,Rummings,crummingsh5@dmoz.org,Female,136.10.186.95
619,Cyb,Ensten,censtenh6@github.com,Female,197.50.212.86
620,Gerald,Wolledge,gwolledgeh7@earthlink.net,Male,164.250.196.18
621,Clarinda,Chiechio,cchiechioh8@networkadvertising.org,Female,164.222.216.27
622,Mickie,Blucher,mblucherh9@last.fm,Male,122.190.249.143
623,Peggi,Baudesson,pbaudessonha@i2i.jp,Female,159.249.221.245
624,Modesty,Brimner,mbrimnerhb@blogtalkradio.com,Female,41.138.71.8
625,Skippie,Briscow,sbriscowhc@google.com.au,Male,228.200.168.93
626,Kristoffer,Leathard,kleathardhd@w3.org,Male,85.119.9.173
627,Torey,Haizelden,thaizeldenhe@linkedin.com,Female,106.180.81.76
628,Marla,Cluely,mcluelyhf@slashdot.org,Female,37.66.96.193
629,Phaedra,Hiner,phinerhg@friendfeed.com,Female,14.45.57.133
630,Willie,Scamadine,wscamadinehh@behance.net,Female,194.101.192.38
631,Sterne,Elcoux,selcouxhi@sphinn.com,Male,218.252.24.148
632,Lyssa,Colleymore,lcolleymorehj@scribd.com,Female,84.179.111.144
633,Tucky,Mitchley,tmitchleyhk@discuz.net,Male,8.30.196.101
634,Juliet,Newing,jnewinghl@mail.ru,Female,120.125.61.120
635,Sal,Fitzpatrick,sfitzpatrickhm@archive.org,Female,7.232.85.184
636,Hervey,Georgeau,hgeorgeauhn@usda.gov,Male,186.169.151.239
637,Mora,Ranyell,mranyellho@canalblog.com,Female,12.34.37.184
638,Fancie,Hastwall,fhastwallhp@gizmodo.com,Female,42.90.174.209
639,Dorrie,Geistmann,dgeistmannhq@nytimes.com,Female,90.117.109.200
640,Raddie,Le Frank,rlefrankhr@java.com,Male,159.103.106.28
641,Layton,Stepto,lsteptohs@bbc.co.uk,Male,254.141.211.148
642,Scarface,Kirby,skirbyht@pcworld.com,Male,136.41.186.229
643,Ediva,Hartwright,ehartwrighthu@wordpress.com,Female,143.184.27.253
644,Sherill,Storck,sstorckhv@ed.gov,Female,189.172.246.141
645,Briano,Richardeau,brichardeauhw@storify.com,Male,223.39.0.70
646,Cleopatra,Hartwright,chartwrighthx@eventbrite.com,Female,136.82.23.250
647,Vernen,Durkin,vdurkinhy@hexun.com,Male,83.161.129.232
648,Lizabeth,Alloisi,lalloisihz@t-online.de,Female,24.66.232.201
649,Yves,Buten,ybuteni0@myspace.com,Male,198.156.141.141
650,Bartlet,Sarvar,bsarvari1@usa.gov,Male,167.244.9.192
651,Tracie,Bellchamber,tbellchamberi2@uiuc.edu,Female,5.152.121.192
652,Ken,Redmire,kredmirei3@chron.com,Male,5.249.239.198
653,Nertie,Arenson,narensoni4@so-net.ne.jp,Female,114.231.87.115
654,Lars,Loveday,llovedayi5@craigslist.org,Male,44.201.99.165
655,Barr,Fairchild,bfairchildi6@com.com,Male,2.75.91.160
656,Norman,Riping,nripingi7@networkadvertising.org,Male,249.88.230.205
657,Gaile,Lafflin,glafflini8@yandex.ru,Male,10.4.66.150
658,Carma,Archanbault,carchanbaulti9@wired.com,Female,97.10.125.9
659,Con,Haimes,chaimesia@ed.gov,Male,201.104.186.165
660,Vince,Lightwing,vlightwingib@eventbrite.com,Male,117.232.144.226
661,Felipe,Barkas,fbarkasic@nba.com,Male,42.70.125.253
662,Onfre,Kornousek,okornousekid@biblegateway.com,Male,245.203.23.235
663,Jordana,Cokayne,jcokayneie@com.com,Female,205.160.113.13
664,Julie,Buret,jburetif@mtv.com,Female,107.192.43.12
665,Austin,Mallall,amallallig@ucsd.edu,Male,199.16.193.185
666,George,Beaman,gbeamanih@devhub.com,Female,101.128.42.204
667,Herschel,Henderson,hhendersonii@comcast.net,Male,31.253.12.67
668,Silvain,Haddock,shaddockij@marriott.com,Male,212.200.81.46
669,Leeland,Kleinstub,lkleinstubik@gravatar.com,Male,84.37.125.118
670,Gustavus,Oram,goramil@csmonitor.com,Male,171.146.223.163
671,Riane,Pargetter,rpargetterim@chron.com,Female,224.23.55.137
672,Fleming,Costock,fcostockin@stanford.edu,Male,136.0.178.47
673,Addy,Jacke,ajackeio@photobucket.com,Male,170.207.119.138
674,Paolo,Tindle,ptindleip@sphinn.com,Male,97.67.107.93
675,Georg,Izkovicz,gizkovicziq@mediafire.com,Male,96.137.189.169
676,Esta,Lawlie,elawlieir@mayoclinic.com,Female,225.79.217.0
677,Augustin,Manion,amanionis@scribd.com,Male,62.54.28.203
678,Simonette,Devote,sdevoteit@creativecommons.org,Female,95.208.86.226
679,Ebba,Fullegar,efullegariu@slideshare.net,Female,18.172.10.222
680,Alanson,Boland,abolandiv@jugem.jp,Male,238.79.118.45
681,Kirstyn,Myrtle,kmyrtleiw@ox.ac.uk,Female,188.112.80.188
682,Sloane,Leadston,sleadstonix@linkedin.com,Male,127.144.7.213
683,Rhys,Hanstock,rhanstockiy@blinklist.com,Male,40.121.72.99
684,Leeanne,Oldcote,loldcoteiz@slideshare.net,Female,228.120.34.66
685,Laure,Rowlings,lrowlingsj0@usgs.gov,Female,94.50.11.117
686,Jarib,Pheazey,jpheazeyj1@delicious.com,Male,57.188.122.147
687,Gabie,Espine,gespinej2@tuttocitta.it,Male,163.31.242.205
688,Beatrice,Vedmore,bvedmorej3@marketwatch.com,Female,248.110.135.240
689,Shepard,Vasilmanov,svasilmanovj4@slate.com,Male,230.184.206.131
690,Adrea,Christopher,achristopherj5@paginegialle.it,Female,56.148.63.203
691,Roxi,Pounder,rpounderj6@cdc.gov,Female,236.58.78.9
692,Kerwin,Santoro,ksantoroj7@washingtonpost.com,Male,244.30.113.63
693,Johnathan,Nelmes,jnelmesj8@ustream.tv,Male,24.138.27.4
694,Mikael,Woodyer,mwoodyerj9@google.nl,Male,5.3.156.60
695,Gare,Mephan,gmephanja@prnewswire.com,Male,130.177.41.177
696,Jimmie,Bardsley,jbardsleyjb@sohu.com,Male,146.209.180.175
697,Keenan,Parsand,kparsandjc@tiny.cc,Male,0.132.61.78
698,Karel,Chazerand,kchazerandjd@infoseek.co.jp,Male,163.197.181.70
699,Milka,Mowsdill,mmowsdillje@etsy.com,Female,247.126.122.17
700,Rozamond,Missington,rmissingtonjf@dell.com,Female,181.114.236.107
701,Deina,Carlet,dcarletjg@pinterest.com,Female,195.166.209.93
702,Dicky,Labusquiere,dlabusquierejh@utexas.edu,Male,215.42.178.44
703,Lay,Evensden,levensdenji@irs.gov,Male,35.181.159.222
704,Morie,Webborn,mwebbornjj@mozilla.org,Male,94.247.174.83
705,Chrisse,Glavis,cglavisjk@wix.com,Male,26.199.129.30
706,Jae,Dodsley,jdodsleyjl@indiegogo.com,Male,163.175.229.253
707,Farlay,Jobbings,fjobbingsjm@i2i.jp,Male,95.86.2.76
708,Ives,McHan,imchanjn@indiatimes.com,Male,130.175.65.252
709,Eduino,Bernardo,ebernardojo@shareasale.com,Male,224.212.21.22
710,Clerc,Grzegorecki,cgrzegoreckijp@seattletimes.com,Male,49.35.193.246
711,Asher,Procter,aprocterjq@constantcontact.com,Male,214.193.12.162
712,Alberik,Odams,aodamsjr@huffingtonpost.com,Male,7.86.9.207
713,Gussy,Titterton,gtittertonjs@cmu.edu,Female,127.251.48.186
714,Saul,Djurisic,sdjurisicjt@wikispaces.com,Male,107.91.17.32
715,Midge,Dillintone,mdillintoneju@phoca.cz,Female,232.57.63.103
716,Suzie,Standbrooke,sstandbrookejv@census.gov,Female,211.107.165.88
717,Eberhard,Vanini,evaninijw@usda.gov,Male,130.170.241.12
718,Margy,Guidi,mguidijx@yellowbook.com,Female,136.201.151.2
719,Berti,Birrane,bbirranejy@google.fr,Male,53.100.38.208
720,Der,Zoppo,dzoppojz@yale.edu,Male,102.239.167.220
721,Cory,Cridge,ccridgek0@altervista.org,Male,68.231.100.100
722,Reynard,Oldred,roldredk1@ted.com,Male,223.35.90.91
723,Norbert,Attrill,nattrillk2@springer.com,Male,26.205.248.187
724,Lyssa,Lafrentz,llafrentzk3@technorati.com,Female,149.253.143.54
725,Bria,Bentsen,bbentsenk4@ocn.ne.jp,Female,4.197.107.37
726,Quintana,Ossulton,qossultonk5@google.ru,Female,16.7.191.190
727,Rufus,Bescoby,rbescobyk6@go.com,Male,247.195.64.51
728,Harlan,Garth,hgarthk7@google.co.uk,Male,64.28.134.27
729,Thebault,Mewis,tmewisk8@guardian.co.uk,Male,110.38.255.7
730,Sherilyn,Blacker,sblackerk9@redcross.org,Female,216.69.209.124
731,Steffi,Corrett,scorrettka@webs.com,Female,92.102.88.130
732,Maurita,Christy,mchristykb@aol.com,Female,133.237.225.20
733,Duffie,McTurk,dmcturkkc@dagondesign.com,Male,11.2.97.201
734,Chancey,Norsister,cnorsisterkd@washington.edu,Male,100.41.2.231
735,Ruggiero,Audiss,raudisske@github.com,Male,101.29.82.50
736,Dorolisa,Bon,dbonkf@deviantart.com,Female,202.62.27.31
737,Hedi,Learoyde,hlearoydekg@yellowbook.com,Female,169.244.158.99
738,Ernestus,Itscowics,eitscowicskh@yellowpages.com,Male,245.148.191.251
739,Jeanette,Egleton,jegletonki@aol.com,Female,180.4.70.203
740,Augustus,Millions,amillionskj@odnoklassniki.ru,Male,68.221.57.56
741,Cordell,Garnsworth,cgarnsworthkk@constantcontact.com,Male,245.83.200.35
742,Mackenzie,Armin,marminkl@sphinn.com,Male,55.136.48.141
743,Hillie,Rendell,hrendellkm@phoca.cz,Male,55.168.199.170
744,Shirline,Fairrie,sfairriekn@dell.com,Female,114.33.39.8
745,Winna,Petr,wpetrko@dagondesign.com,Female,23.70.76.150
746,Bud,Jansky,bjanskykp@example.com,Male,236.58.22.42
747,Georgeanne,Sleight,gsleightkq@nytimes.com,Female,245.29.130.254
748,Gill,Caddens,gcaddenskr@soundcloud.com,Female,16.22.248.229
749,Millicent,Camier,mcamierks@springer.com,Female,243.197.21.161
750,Philippine,Didball,pdidballkt@pinterest.com,Female,26.251.148.80
751,Veda,Surgison,vsurgisonku@infoseek.co.jp,Female,151.98.145.61
752,George,Crowder,gcrowderkv@army.mil,Male,216.57.248.251
753,Catherina,Raspel,craspelkw@mtv.com,Female,85.15.24.249
754,Cymbre,Tran,ctrankx@com.com,Female,189.211.21.27
755,Rustie,Okell,rokellky@tripod.com,Male,225.214.77.75
756,Elsa,Cummins,ecumminskz@nba.com,Female,54.129.38.156
757,Reggie,Roseveare,rrosevearel0@ucla.edu,Female,7.79.131.236
758,Normy,Yantsurev,nyantsurevl1@state.gov,Male,47.198.89.98
759,Vail,Buckthorp,vbuckthorpl2@admin.ch,Male,65.191.165.235
760,Dorian,Fetteplace,dfetteplacel3@nifty.com,Female,162.151.224.105
761,Delila,Filer,dfilerl4@dropbox.com,Female,224.135.129.216
762,Gasparo,Durant,gdurantl5@123-reg.co.uk,Male,40.221.230.111
763,Moyra,Schlag,mschlagl6@hhs.gov,Female,133.77.43.242
764,Alexio,Shama,ashamal7@ask.com,Male,154.116.38.186
765,Byrann,Highton,bhightonl8@blog.com,Male,249.207.167.124
766,Gar,Puve,gpuvel9@mayoclinic.com,Male,221.35.144.35
767,Michelle,Walak,mwalakla@about.me,Female,138.48.168.59
768,Aigneis,Huyton,ahuytonlb@mapy.cz,Female,234.25.23.151
769,Cointon,Aicheson,caichesonlc@marriott.com,Male,170.104.75.84
770,Fiorenze,Gottelier,fgottelierld@bravesites.com,Female,60.38.215.248
771,Tersina,Koppes,tkoppesle@mashable.com,Female,124.52.123.119
772,Madelina,Grigs,mgrigslf@hc360.com,Female,96.86.146.83
773,Reena,Bowfin,rbowfinlg@berkeley.edu,Female,199.124.84.9
774,Nestor,Barford,nbarfordlh@auda.org.au,Male,201.52.58.196
775,Andonis,Delacour,adelacourli@cafepress.com,Male,201.139.174.95
776,Hubert,Revington,hrevingtonlj@state.tx.us,Male,35.91.142.152
777,Nero,Hendrikse,nhendrikselk@icio.us,Male,216.227.122.86
778,Colby,Connaughton,cconnaughtonll@t-online.de,Male,132.196.76.103
779,Octavius,Coram,ocoramlm@nyu.edu,Male,125.17.172.114
780,Floyd,Rapa,frapaln@walmart.com,Male,244.10.159.163
781,Yvonne,Feye,yfeyelo@google.com,Female,72.192.191.181
782,Sayre,Elsdon,selsdonlp@1und1.de,Female,94.114.33.89
783,Sella,Samworth,ssamworthlq@mac.com,Female,85.247.0.106
784,Connie,Delmage,cdelmagelr@purevolume.com,Female,94.43.110.152
785,Michal,Antczak,mantczakls@wisc.edu,Female,139.25.55.233
786,Alissa,McVicker,amcvickerlt@ameblo.jp,Female,121.172.109.113
787,Mahmud,Brown,mbrownlu@furl.net,Male,159.196.83.80
788,Larry,Allkins,lallkinslv@aboutads.info,Male,181.103.28.26
789,Andonis,Greep,agreeplw@mlb.com,Male,143.96.36.185
790,Caterina,Shreenan,cshreenanlx@nifty.com,Female,165.247.126.80
791,Cristin,Redborn,credbornly@unesco.org,Female,34.161.172.140
792,Merill,Silkstone,msilkstonelz@smh.com.au,Male,152.63.12.132
793,Wernher,Doughill,wdoughillm0@businessinsider.com,Male,226.126.113.41
794,Jerrie,Farreil,jfarreilm1@vk.com,Male,167.252.116.168
795,Loleta,Brookson,lbrooksonm2@nhs.uk,Female,214.247.214.151
796,Jo,Milthorpe,jmilthorpem3@bigcartel.com,Male,58.102.124.156
797,Christal,Janca,cjancam4@eventbrite.com,Female,147.81.185.202
798,Templeton,Cornuau,tcornuaum5@addthis.com,Male,5.241.141.155
799,Gisela,Haresign,gharesignm6@accuweather.com,Female,227.4.251.223
800,Aristotle,Simonds,asimondsm7@surveymonkey.com,Male,88.19.48.196
801,Teodorico,Melonby,tmelonbym8@weather.com,Male,14.29.3.179
802,Gilberte,Greasty,ggreastym9@businessweek.com,Female,165.100.111.102
803,Maritsa,Constantine,mconstantinema@istockphoto.com,Female,30.213.46.70
804,Elmer,Izacenko,eizacenkomb@dagondesign.com,Male,116.78.60.133
805,Nollie,Littlewood,nlittlewoodmc@google.com,Female,114.22.44.206
806,Ediva,Atcock,eatcockmd@topsy.com,Female,128.181.253.252
807,Darda,Tuckwood,dtuckwoodme@chicagotribune.com,Female,54.130.229.242
808,Knox,Midghall,kmidghallmf@businesswire.com,Male,244.134.214.116
809,Leola,Iannetti,liannettimg@dedecms.com,Female,85.185.140.134
810,Mari,Duell,mduellmh@hostgator.com,Female,170.241.127.50
811,Geri,Teasdale,gteasdalemi@yahoo.com,Male,62.103.126.201
812,Maudie,Chasemoore,mchasemooremj@usnews.com,Female,25.99.171.254
813,Lydie,Barnfather,lbarnfathermk@etsy.com,Female,146.234.180.73
814,Maury,Shyram,mshyramml@abc.net.au,Male,26.64.90.157
815,Debera,Cogman,dcogmanmm@umn.edu,Female,73.27.105.19
816,Gaby,Kenington,gkeningtonmn@mashable.com,Male,22.230.74.174
817,Kellen,Petrak,kpetrakmo@hostgator.com,Male,227.59.89.16
818,Hersch,Baxter,hbaxtermp@google.ru,Male,18.186.169.52
819,Brandice,Matijasevic,bmatijasevicmq@wordpress.org,Female,137.108.5.59
820,Ingelbert,Restall,irestallmr@taobao.com,Male,87.40.19.123
821,Normand,Dagleas,ndagleasms@nytimes.com,Male,95.202.118.2
822,Claudia,Ahlf,cahlfmt@multiply.com,Female,52.225.91.239
823,Demetris,Garlant,dgarlantmu@shutterfly.com,Male,46.206.2.191
824,Ricki,Walmsley,rwalmsleymv@ustream.tv,Male,49.83.137.247
825,Lemmie,Frankish,lfrankishmw@cbsnews.com,Male,216.195.61.42
826,Marilin,Burchell,mburchellmx@hostgator.com,Female,105.222.236.103
827,Chadwick,Nast,cnastmy@eventbrite.com,Male,82.84.56.213
828,Marne,Bravey,mbraveymz@mlb.com,Female,75.211.6.24
829,Sidoney,Macura,smacuran0@paginegialle.it,Female,102.194.234.31
830,Knox,Kordt,kkordtn1@mediafire.com,Male,221.89.242.174
831,Laure,Sparrow,lsparrown2@nba.com,Female,17.57.245.238
832,Nickie,Moppett,nmoppettn3@nytimes.com,Male,22.77.248.14
833,Sanford,Spadazzi,sspadazzin4@huffingtonpost.com,Male,97.36.42.188
834,Tiffanie,Gitsham,tgitshamn5@jugem.jp,Female,63.34.152.201
835,Parker,Panas,ppanasn6@addthis.com,Male,69.126.14.36
836,Phillip,Yeskin,pyeskinn7@google.com,Male,109.29.224.194
837,Cal,Wimsett,cwimsettn8@icq.com,Male,71.55.217.138
838,Richie,Melwall,rmelwalln9@fda.gov,Male,59.48.83.129
839,Osgood,Boardman,oboardmanna@wired.com,Male,88.13.122.207
840,Erick,Pagelsen,epagelsennb@youtube.com,Male,107.136.147.35
841,Niko,Ferrierio,nferrierionc@technorati.com,Male,29.58.61.248
842,Buck,Duckering,bduckeringnd@naver.com,Male,91.110.146.201
843,Consuelo,Ottosen,cottosenne@gizmodo.com,Female,244.84.121.156
844,Blake,Scully,bscullynf@meetup.com,Female,110.90.194.20
845,Edik,Boylin,eboylinng@intel.com,Male,42.89.50.166
846,Bianca,Askham,baskhamnh@goo.ne.jp,Female,53.101.190.76
847,Xenos,Aguirre,xaguirreni@hexun.com,Male,18.108.183.219
848,Alvera,Giles,agilesnj@sourceforge.net,Female,185.68.224.123
849,Kaine,Thorburn,kthorburnnk@walmart.com,Male,78.93.221.115
850,Sybilla,Kilbee,skilbeenl@youku.com,Female,197.88.221.246
851,Gearalt,Nangle,gnanglenm@i2i.jp,Male,230.81.53.132
852,Latrena,Bloxland,lbloxlandnn@biglobe.ne.jp,Female,222.161.44.148
853,Cassey,Cogman,ccogmanno@tiny.cc,Female,34.189.122.84
854,Herrick,Luetkemeyers,hluetkemeyersnp@va.gov,Male,127.53.95.142
855,Mufinella,Lippitt,mlippittnq@newyorker.com,Female,205.71.40.62
856,Kiley,Livock,klivocknr@furl.net,Male,35.230.190.96
857,Lydon,Richel,lrichelns@bloomberg.com,Male,154.251.253.137
858,Lian,Bartoszewski,lbartoszewskint@bbc.co.uk,Female,13.160.37.52
859,Uriel,Hollingshead,uhollingsheadnu@xrea.com,Male,135.58.114.11
860,Nichole,Carbert,ncarbertnv@tripod.com,Female,41.226.99.55
861,Carline,Hubball,chubballnw@eventbrite.com,Female,73.89.26.202
862,Tremayne,Spafford,tspaffordnx@about.me,Male,153.27.104.229
863,Morgana,Lightwing,mlightwingny@aol.com,Female,31.198.99.91
864,Barbee,Ludovici,bludovicinz@cdc.gov,Female,10.229.143.122
865,Catina,Pulhoster,cpulhostero0@opera.com,Female,171.246.68.125
866,Cedric,Wittey,cwitteyo1@sourceforge.net,Male,70.172.132.197
867,Dulcinea,Schops,dschopso2@mlb.com,Female,111.127.231.81
868,Mathias,Storms,mstormso3@webeden.co.uk,Male,15.25.132.48
869,Kimball,Durram,kdurramo4@about.me,Male,46.140.106.148
870,Antonius,Mawer,amawero5@yolasite.com,Male,193.107.125.50
871,Timothee,Sparkwill,tsparkwillo6@desdev.cn,Male,184.53.140.124
872,Emylee,Kayser,ekaysero7@miitbeian.gov.cn,Female,132.37.128.21
873,Douglass,Goodlip,dgoodlipo8@google.fr,Male,116.155.130.160
874,Tressa,Ashcroft,tashcrofto9@google.com.br,Female,138.59.58.159
875,Adaline,Yoakley,ayoakleyoa@bloglovin.com,Female,237.247.171.32
876,Effie,Clayborn,eclaybornob@dion.ne.jp,Female,105.188.196.65
877,Paula,Semon,psemonoc@uol.com.br,Female,217.254.203.129
878,Kimbra,Peidro,kpeidrood@chronoengine.com,Female,131.118.45.89
879,Jule,Lambeth,jlambethoe@youtu.be,Male,116.110.157.254
880,Frants,Egerton,fegertonof@china.com.cn,Male,13.204.223.233
881,Afton,Conant,aconantog@dedecms.com,Female,198.91.123.78
882,Leyla,Icke,lickeoh@wix.com,Female,202.239.52.6
883,Melitta,Easton,meastonoi@sciencedirect.com,Female,192.175.248.71
884,Daven,Mattiato,dmattiatooj@issuu.com,Male,241.150.252.224
885,Hetty,Bugbird,hbugbirdok@squidoo.com,Female,112.1.135.168
886,Nike,Hayle,nhayleol@sohu.com,Female,37.13.36.8
887,Trista,Bettington,tbettingtonom@biblegateway.com,Female,250.213.29.150
888,Sally,Jude,sjudeon@answers.com,Female,235.212.30.155
889,Faye,Constantinou,fconstantinouoo@vistaprint.com,Female,122.181.158.232
890,Maire,Gobat,mgobatop@fotki.com,Female,40.94.241.115
891,Clerissa,Cracie,ccracieoq@house.gov,Female,213.115.121.183
892,Rutter,Grigorey,rgrigoreyor@washingtonpost.com,Male,167.165.87.24
893,Cort,Pury,cpuryos@globo.com,Male,2.39.175.146
894,Stoddard,Pryke,sprykeot@twitpic.com,Female,64.117.137.86
895,Waldo,Bolderson,wboldersonou@printfriendly.com,Male,192.10.218.245
896,Davey,Lownds,dlowndsov@squarespace.com,Male,156.110.56.245
897,Glenden,Grand,ggrandow@quantcast.com,Male,122.244.7.57
898,Luis,Hancell,lhancellox@adobe.com,Male,34.156.140.91
899,Wanids,Jeannequin,wjeannequinoy@nydailynews.com,Female,175.54.71.30
900,Casar,Kingman,ckingmanoz@deliciousdays.com,Male,138.36.194.196
901,Abraham,Barenskie,abarenskiep0@furl.net,Male,102.152.90.234
902,Ashton,Kmieciak,akmieciakp1@addtoany.com,Male,149.215.63.207
903,Yance,Boxen,yboxenp2@prnewswire.com,Male,189.69.123.48
904,Clemmy,De Meis,cdemeisp3@so-net.ne.jp,Male,216.222.84.96
905,Estel,Skitt,eskittp4@behance.net,Female,6.86.107.148
906,Birch,Gajewski,bgajewskip5@apple.com,Male,225.22.197.151
907,Raimundo,Cureton,rcuretonp6@columbia.edu,Male,253.89.105.250
908,Adamo,Eloy,aeloyp7@dailymail.co.uk,Male,176.167.228.179
909,Pammy,Delhanty,pdelhantyp8@cnn.com,Female,182.106.64.154
910,Janene,Collings,jcollingsp9@about.com,Female,81.0.152.109
911,Jeanne,Shakle,jshaklepa@adobe.com,Female,52.75.154.117
912,Vernor,Ryce,vrycepb@acquirethisname.com,Male,54.77.82.53
913,Bev,Josse,bjossepc@ask.com,Female,44.172.140.160
914,Kristi,Bergin,kberginpd@bravesites.com,Female,193.175.144.183
915,Ellerey,Boleyn,eboleynpe@wordpress.org,Male,152.33.47.85
916,Nat,Glanister,nglanisterpf@statcounter.com,Male,66.59.225.211
917,Guillaume,Woolner,gwoolnerpg@usatoday.com,Male,164.57.13.9
918,Cobb,Fraser,cfraserph@hexun.com,Male,101.8.94.211
919,Cherin,Gerritsma,cgerritsmapi@quantcast.com,Female,46.57.0.243
920,Jud,Jakobsson,jjakobssonpj@slashdot.org,Male,1.111.216.230
921,Garald,Redington,gredingtonpk@sbwire.com,Male,91.86.58.78
922,Anita,Reasun,areasunpl@usnews.com,Female,67.153.118.233
923,Westleigh,Klisch,wklischpm@stumbleupon.com,Male,158.27.216.211
924,Kent,Wahlberg,kwahlbergpn@behance.net,Male,122.58.213.17
925,Ranice,Stinton,rstintonpo@canalblog.com,Female,5.82.7.12
926,Krisha,Boteman,kbotemanpp@webs.com,Male,123.117.180.231
927,Cristina,Kubica,ckubicapq@51.la,Female,155.202.151.142
928,Estel,Muscott,emuscottpr@com.com,Female,174.231.202.52
929,Terrie,Griffe,tgriffeps@51.la,Female,190.189.26.92
930,Erika,McGeachie,emcgeachiept@mtv.com,Female,159.89.157.215
931,Risa,Waddoups,rwaddoupspu@icq.com,Female,53.73.250.198
932,Karl,McAmish,kmcamishpv@independent.co.uk,Male,100.220.54.78
933,Trudey,Lomasna,tlomasnapw@slashdot.org,Female,169.171.25.22
934,Simonette,Vesco,svescopx@networkadvertising.org,Female,129.142.191.138
935,Nelia,Pemberton,npembertonpy@cdbaby.com,Female,250.25.225.182
936,Rik,Labram,rlabrampz@eventbrite.com,Male,246.119.153.31
937,Chloette,Partrick,cpartrickq0@dot.gov,Female,124.118.252.176
938,Peggie,Hymans,phymansq1@bravesites.com,Female,230.61.35.103
939,Vivie,Veal,vvealq2@hubpages.com,Female,107.186.133.164
940,Enoch,Ortell,eortellq3@multiply.com,Male,227.185.107.133
941,Jarid,Martinovsky,jmartinovskyq4@reverbnation.com,Male,120.165.243.2
942,Lida,Pautot,lpautotq5@omniture.com,Female,48.211.26.84
943,Cornelius,Lowes,clowesq6@wix.com,Male,51.233.17.232
944,Correy,Duffree,cduffreeq7@phpbb.com,Female,188.212.36.169
945,Gunner,Ozelton,gozeltonq8@devhub.com,Male,253.46.128.169
946,Adelbert,Fairbrace,afairbraceq9@un.org,Male,2.133.162.149
947,Gauthier,Bartolomeo,gbartolomeoqa@gmpg.org,Male,198.180.104.29
948,Cleon,Duffan,cduffanqb@uiuc.edu,Male,194.193.120.95
949,Constancy,Hessay,chessayqc@biglobe.ne.jp,Female,148.69.34.62
950,Luelle,Meffin,lmeffinqd@youtube.com,Female,166.223.147.49
951,Jeffrey,Leneve,jleneveqe@feedburner.com,Male,236.46.139.221
952,Krystalle,Beernaert,kbeernaertqf@simplemachines.org,Female,174.7.213.61
953,Scotti,Sturridge,ssturridgeqg@princeton.edu,Male,166.137.156.105
954,Fin,Cowans,fcowansqh@opensource.org,Male,102.40.5.156
955,Bondie,Stevani,bstevaniqi@stanford.edu,Male,218.160.227.28
956,Kiley,Shervington,kshervingtonqj@eepurl.com,Female,219.41.175.4
957,Anders,Burchnall,aburchnallqk@mail.ru,Male,90.223.5.189
958,Donnamarie,Vertigan,dvertiganql@desdev.cn,Female,16.127.154.10
959,Nana,Castellani,ncastellaniqm@themeforest.net,Female,153.228.113.58
960,Shari,Deer,sdeerqn@princeton.edu,Female,94.202.159.241
961,Elinor,Santo,esantoqo@nifty.com,Female,46.115.26.31
962,Susette,Autin,sautinqp@blogger.com,Female,150.66.11.64
963,Jobie,Harroll,jharrollqq@zimbio.com,Female,127.22.16.28
964,Anderson,Cornelis,acornelisqr@amazon.co.uk,Male,98.218.43.214
965,Nora,Sellman,nsellmanqs@cdbaby.com,Female,201.128.40.3
966,Farrel,Stolze,fstolzeqt@smh.com.au,Male,84.253.16.101
967,Reginald,Romushkin,rromushkinqu@hexun.com,Male,20.175.180.54
968,Rustin,Butrimovich,rbutrimovichqv@360.cn,Male,75.204.215.254
969,Tamqrah,Sarton,tsartonqw@usgs.gov,Female,56.149.214.39
970,Herb,Gommowe,hgommoweqx@state.tx.us,Male,44.173.4.171
971,Giffie,Marusik,gmarusikqy@java.com,Male,29.231.32.235
972,Nero,Philipeau,nphilipeauqz@shutterfly.com,Male,181.161.70.190
973,Florri,O'Lenane,folenaner0@cdc.gov,Female,71.246.110.109
974,Law,Viccars,lviccarsr1@imdb.com,Male,121.12.35.191
975,Anatollo,Dearlove,adearlover2@example.com,Male,173.133.146.189
976,Joseito,Mahood,jmahoodr3@whitehouse.gov,Male,36.28.117.70
977,Winifred,Gummoe,wgummoer4@posterous.com,Female,185.162.80.137
978,Dyann,Childe,dchilder5@wikia.com,Female,244.215.114.60
979,Karleen,Idill,kidillr6@newyorker.com,Female,161.100.36.207
980,Calhoun,Ormston,cormstonr7@whitehouse.gov,Male,112.70.115.36
981,Rainer,Lynnitt,rlynnittr8@yelp.com,Male,22.131.167.231
982,Gay,Russel,grusselr9@irs.gov,Male,126.28.167.252
983,Claudine,Denington,cdeningtonra@meetup.com,Female,44.139.17.190
984,Jenica,Cardis,jcardisrb@cisco.com,Female,229.207.235.2
985,Janeczka,Sowden,jsowdenrc@ebay.co.uk,Female,19.94.38.74
986,Kristofor,Brecknall,kbrecknallrd@hao123.com,Male,85.222.170.103
987,Jedd,Filyaev,jfilyaevre@pagesperso-orange.fr,Male,234.245.255.60
988,Brannon,Tremblot,btremblotrf@cbsnews.com,Male,102.175.195.74
989,Gram,Revill,grevillrg@cocolog-nifty.com,Male,22.82.75.21
990,Petronella,Thackray,pthackrayrh@ask.com,Female,203.123.52.72
991,Joelly,Sparrowe,jsparroweri@paginegialle.it,Female,20.45.68.35
992,Oliviero,Bransden,obransdenrj@noaa.gov,Male,29.20.63.212
993,Arther,Baddow,abaddowrk@arizona.edu,Male,39.186.105.93
994,Stanford,Olechnowicz,solechnowiczrl@acquirethisname.com,Male,248.217.236.62
995,Raven,Pizzie,rpizzierm@altervista.org,Female,81.106.50.178
996,Delia,O'Keefe,dokeefern@rakuten.co.jp,Female,79.83.38.255
997,Colan,MacRury,cmacruryro@seattletimes.com,Male,141.169.16.211
998,Germain,Smee,gsmeerp@rambler.ru,Male,22.122.198.104
999,Cherilynn,Janko,cjankorq@google.com.br,Female,110.192.106.152
1000,Thorin,Veysey,tveyseyrr@nba.com,Male,104.128.19.163
